time,on,off,diff
255.92167,74,75,-1
255.9618,74,77,-3
256.00206,75,77,-2
256.04222,75,76,-1
256.08235,74,76,-2
256.12266,74,75,-1
256.16267,75,75,0
256.20287,75,76,-1
256.24309,74,76,-2
256.28322,74,75,-1
256.32344,74,75,-1
256.36363,74,76,-2
256.40364,74,76,-2
256.4439,74,75,-1
256.48403,74,75,-1
256.5241,74,75,-1
256.56417,74,75,-1
256.60445,74,75,-1
256.64452,74,75,-1
256.68468,74,75,-1
256.72482,74,75,-1
256.76483,74,75,-1
256.80511,74,75,-1
256.84515,74,76,-2
256.8854,74,76,-2
256.92556,74,76,-2
256.96609,74,76,-2
257.00619,74,76,-2
257.04623,74,76,-2
257.08639,74,75,-1
257.12665,74,75,-1
257.1669,74,75,-1
257.20764,74,75,-1
257.24735,74,76,-2
257.28751,74,76,-2
257.32801,74,75,-1
257.36826,73,75,-2
257.40802,73,75,-2
257.448,73,75,-2
257.48835,73,75,-2
257.52842,73,75,-2
257.56873,73,75,-2
257.60899,73,75,-2
257.64918,73,75,-2
257.68943,73,75,-2
257.72978,73,76,-3
257.76982,73,76,-3
257.8101,73,74,-1
257.85017,72,74,-2
257.89048,72,75,-3
257.93062,73,75,-2
257.97075,73,75,-2
258.01097,73,75,-2
258.0916,73,75,-2
258.13158,73,75,-2
258.17168,73,75,-2
258.21193,73,75,-2
258.25206,73,75,-2
258.29228,73,76,-3
258.33287,74,76,-2
258.37273,74,75,-1
258.41295,73,75,-2
258.45311,73,76,-3
258.49343,74,76,-2
258.53347,74,76,-2
258.57366,73,76,-3
258.61385,73,75,-2
258.65395,74,75,-1
258.69421,74,75,-1
258.73443,73,75,-2
258.77465,73,75,-2
258.81481,73,75,-2
258.8551,73,75,-2
258.89514,74,75,-1
258.9353,74,74,0
258.97552,73,74,-1
259.01572,73,75,-2
259.05594,73,75,-2
259.0961,73,75,-2
259.13635,73,75,-2
259.17658,73,75,-2
259.21674,73,75,-2
259.25687,73,75,-2
259.29706,73,75,-2
259.3371,73,74,-1
259.37735,74,74,0
259.41758,74,74,0
259.45786,73,74,-1
259.49805,73,75,-2
259.53815,73,75,-2
259.57859,73,75,-2
259.61933,72,75,-3
259.65888,72,75,-3
259.69911,73,75,-2
259.73933,73,74,-1
259.77946,73,74,-1
259.81987,73,74,-1
259.85991,73,74,-1
259.90004,73,75,-2
259.94017,73,75,-2
259.9803,73,74,-1
260.02061,73,74,-1
260.06071,73,75,-2
260.10088,73,75,-2
260.1411,73,74,-1
260.18126,73,74,-1
260.22151,73,74,-1
260.26161,73,74,-1
260.30196,73,75,-2
260.34206,73,75,-2
260.38216,73,75,-2
260.42244,74,75,-1
260.46267,74,75,-1
260.50292,73,75,-2
260.54296,73,74,-1
260.58337,73,74,-1
260.62356,73,74,-1
260.66372,73,74,-1
260.70385,73,75,-2
260.74414,73,75,-2
260.78442,73,74,-1
260.82449,72,74,-2
260.8648,72,75,-3
260.90497,73,75,-2
260.94519,73,75,-2
260.98535,73,75,-2
261.02554,73,74,-1
261.0657,73,74,-1
261.10599,73,75,-2
261.14633,72,75,-3
261.18646,72,74,-2
261.22666,72,74,-2
261.26682,72,75,-3
261.3071,72,75,-3
261.34739,72,75,-3
261.38761,73,75,-2
261.42765,73,74,-1
261.46796,72,74,-2
261.50797,72,75,-3
261.54823,72,75,-3
261.58854,72,75,-3
261.62864,72,75,-3
261.66871,72,75,-3
261.70896,73,75,-2
261.74919,73,74,-1
261.78938,72,74,-2
261.82939,72,75,-3
261.86955,72,75,-3
261.90983,72,74,-2
261.95009,72,74,-2
261.99028,72,75,-3
262.03056,72,75,-3
262.07057,72,74,-2
262.11083,71,74,-3
262.15105,71,74,-3
262.19115,73,74,-1
262.31176,73,74,-1
262.35192,73,74,-1
262.39232,73,75,-2
262.43236,72,75,-3
262.47262,72,74,-2
262.51284,72,74,-2
262.55349,72,74,-2
262.59326,71,74,-3
262.63342,71,73,-2
262.67367,72,73,-1
262.71389,72,75,-3
262.75399,72,75,-3
262.79431,72,74,-2
262.83456,71,74,-3
262.87454,71,75,-4
262.91479,72,75,-3
262.95505,72,73,-1
262.99533,72,73,-1
263.03552,72,74,-2
263.07572,72,74,-2
263.11585,72,75,-3
263.15619,73,75,-2
263.1962,73,75,-2
263.23636,73,75,-2
263.27659,73,73,0
263.31669,72,73,-1
263.35694,72,75,-3
263.43745,71,73,-2
263.47767,71,73,-2
263.51777,71,74,-3
0.0,2000,1999,1
0.96299,2194,1980,214
1.13538,2168,1983,185
1.30444,2126,1987,139
1.47315,2071,1992,79
1.63192,2013,1998,15
1.80267,1949,2005,-56
1.97979,1888,2011,-123
2.1541,1841,2015,-174
2.32407,1810,2018,-208
2.49461,1800,2019,-219
2.66104,1809,2019,-210
2.82978,1837,2016,-179
2.99639,1881,2011,-130
3.16973,1939,2006,-67
3.33717,2001,1999,2
3.50529,2063,1993,70
3.66772,2117,1988,129
3.83505,2162,1983,179
4.00319,2190,1980,210
4.17821,2199,1980,219
4.3463,2188,1981,207
4.51497,2158,1984,174
4.68039,2113,1988,125
4.84998,2055,1994,61
5.01909,1992,2000,-8
5.19022,1929,2007,-78
5.36069,1874,2012,-138
5.53212,1831,2016,-185
5.70695,1805,2019,-214
5.87726,1800,2019,-219
6.04861,1816,2018,-202
6.21488,1849,2015,-166
6.38615,1899,2010,-111
6.55652,1958,2004,-46
6.72619,2022,1997,25
6.89693,2084,1991,93
7.06651,2136,1986,150
7.23632,2175,1982,193
7.41545,2197,1980,217
7.57823,2197,1980,217
7.74514,2179,1982,197
7.91074,2142,1985,157
8.07307,2094,1990,104
8.2448,2033,1996,37
8.41124,1970,2002,-32
8.57459,1912,2008,-96
8.74213,1860,2013,-153
8.91038,1822,2017,-195
9.07859,1802,2019,-217
9.24922,1802,2019,-217
9.41804,1822,2017,-195
9.5827,1858,2014,-156
9.7497,1909,2009,-100
9.91903,1969,2003,-34
10.0861,2032,1996,36
10.26151,2094,1990,104
10.43156,2145,1985,160
10.595,2180,1981,199
10.76107,2198,1980,218
10.93411,2196,1980,216
11.10414,2174,1982,192
11.27153,2135,1986,149
11.43962,2083,1991,92
11.60419,2023,1997,26
11.77107,1960,2003,-43
11.93813,1902,2009,-107
12.10476,1852,2014,-162
12.27973,1816,2018,-202
12.45021,1800,2019,-219
12.61548,1804,2019,-215
12.78485,1828,2017,-189
12.95265,1868,2013,-145
13.1198,1921,2007,-86
13.2905,1983,2001,-18
13.46039,2047,1995,52
13.62458,2104,1989,115
13.79167,2152,1984,168
13.96189,2185,1981,204
14.13246,2199,1980,219
14.30367,2193,1980,213
14.47451,2167,1983,184
14.64405,2124,1987,137
14.81689,2067,1993,74
14.98775,2004,1999,5
15.16005,1940,2005,-65
15.33193,1882,2011,-129
15.50252,1837,2016,-179
15.6689,1809,2019,-210
15.84041,1800,2019,-219
16.01246,1811,2018,-207
16.18412,1842,2015,-173
16.35399,1888,2011,-123
16.52288,1946,2005,-59
16.68892,2008,1999,9
16.86039,2071,1992,79
17.0324,2127,1987,140
17.20269,2169,1983,186
17.37261,2194,1980,214
17.5448,2199,1980,219
17.71178,2184,1981,203
17.88202,2150,1984,166
18.05284,2100,1989,111
18.22452,2040,1995,45
18.39466,1976,2002,-26
18.57036,1913,2008,-95
18.7374,1861,2013,-152
18.90796,1823,2017,-194
19.07903,1802,2019,-217
19.25531,1802,2019,-217
19.42761,1823,2017,-194
19.59923,1862,2013,-151
19.76774,1915,2008,-93
19.93717,1976,2002,-26
20.10701,2040,1995,45
20.28135,2101,1989,112
20.45144,2150,1984,166
20.61869,2183,1981,202
20.7901,2199,1980,219
20.96058,2194,1980,214
21.14052,2167,1983,184
21.31242,2123,1987,136
21.48354,2067,1993,74
21.65692,2003,1999,4
21.82981,1939,2006,-67
22.00152,1881,2011,-130
22.17256,1836,2016,-180
22.36064,1806,2019,-213
22.51892,1800,2019,-219
22.67322,1810,2018,-208
22.82573,1836,2016,-180
22.98269,1877,2012,-135
23.13934,1928,2007,-79
0.0,2000,1999,1
0.40348,2137,1986,151
0.5906,2179,1982,197
0.76188,2198,1980,218
0.92889,2196,1980,216
1.09519,2176,1982,194
1.25414,2140,1985,155
1.4329,2085,1991,94
1.59888,2025,1997,28
1.76909,1961,2003,-42
1.93846,1901,2009,-108
2.106,1852,2014,-162
2.28132,1816,2018,-202
2.45506,1800,2019,-219
2.62872,1805,2019,-214
2.79531,1830,2016,-186
2.96753,1872,2012,-140
3.134,1926,2007,-81
3.30412,1988,2001,-13
3.4724,2051,1994,57
3.63942,2109,1989,120
3.81818,2158,1984,174
3.99114,2189,1981,208
4.16209,2199,1980,219
4.33375,2190,1980,210
4.50155,2161,1983,178
4.67108,2116,1988,128
4.83861,2059,1994,65
5.00798,1996,2000,-4
5.17924,1933,2006,-73
5.35064,1877,2012,-135
5.51964,1833,2016,-183
5.68933,1807,2019,-212
5.85846,1800,2019,-219
6.02914,1813,2018,-205
6.20154,1846,2015,-169
6.37289,1894,2010,-116
6.54379,1954,2004,-50
6.71456,2018,1998,20
6.8835,2079,1992,87
7.05526,2133,1986,147
7.22648,2174,1982,192
7.39872,2196,1980,216
7.56745,2198,1980,218
7.73843,2180,1981,199
7.90917,2143,1985,158
8.07079,2094,1990,104
8.24704,2032,1996,36
8.41688,1968,2003,-35
8.58578,1908,2009,-101
8.75781,1856,2014,-158
8.93279,1819,2018,-199
9.09887,1801,2019,-218
9.26824,1803,2019,-216
9.43609,1825,2017,-192
9.60526,1864,2013,-149
9.77351,1917,2008,-91
9.93882,1976,2002,-26
10.10305,2038,1996,42
10.27471,2099,1990,109
10.4426,2148,1985,163
10.61093,2182,1981,201
10.78076,2199,1980,219
10.94855,2195,1980,215
11.11303,2172,1982,190
11.27891,2133,1986,147
11.44606,2080,1991,89
11.6129,2020,1997,23
11.78692,1955,2004,-49
11.95689,1895,2010,-115
12.12739,1847,2015,-168
12.30134,1813,2018,-205
12.472,1800,2019,-219
12.64236,1807,2019,-212
12.825,1836,2016,-180
12.98148,1876,2012,-136
13.1401,1928,2007,-79
13.29684,1986,2001,-15
13.4541,2045,1995,50
13.61398,2100,1989,111
13.77446,2147,1985,162
13.92949,2180,1981,199
14.08213,2197,1980,217
14.23608,2198,1980,218
14.39175,2182,1981,201
14.55039,2149,1985,164
14.70772,2104,1989,115
14.86534,2050,1994,56
15.02445,1990,2000,-10
15.1812,1933,2006,-73
15.34086,1880,2011,-131
15.49848,1838,2016,-178
15.65743,1810,2018,-208
0.0,2000,1999,1
0.9521,2195,1980,215
1.1242,2170,1982,188
1.2944,2129,1987,142
1.46418,2074,1992,82
1.62946,2014,1998,16
1.80142,1949,2005,-56
1.96664,1892,2010,-118
2.13435,1845,2015,-170
2.30774,1812,2018,-206
2.47739,1800,2019,-219
2.65735,1808,2019,-211
2.82408,1836,2016,-180
2.99171,1879,2012,-133
3.16192,1936,2006,-70
3.32353,1996,2000,-4
3.49459,2059,1994,65
3.66298,2116,1988,128
3.83505,2162,1983,179
4.00043,2190,1980,210
4.17526,2199,1980,219
4.34489,2188,1981,207
4.51431,2158,1984,174
4.6836,2112,1988,124
4.85273,2054,1994,60
5.01808,1993,2000,-7
5.18274,1932,2006,-74
5.34454,1879,2012,-133
5.51292,1835,2016,-181
5.68325,1807,2019,-212
5.85346,1800,2019,-219
6.01707,1811,2018,-207
6.18685,1842,2015,-173
6.34879,1887,2011,-124
6.51053,1941,2005,-64
6.67242,2002,1999,3
6.84243,2065,1993,72
7.00393,2118,1988,130
7.1704,2162,1983,179
7.33903,2190,1980,210
7.50689,2199,1980,219
7.67533,2189,1981,208
7.84239,2159,1984,175
8.00171,2117,1988,129
8.1703,2060,1993,67
8.34087,1997,2000,-3
8.51008,1934,2006,-72
8.67793,1879,2012,-133
8.84619,1835,2016,-181
9.00966,1808,2019,-211
9.17676,1800,2019,-219
9.34732,1811,2018,-207
9.51803,1842,2015,-173
9.6878,1888,2011,-123
9.85558,1946,2005,-59
10.01636,2006,1999,7
10.18545,2068,1993,75
10.35797,2124,1987,137
10.52804,2167,1983,184
10.69857,2193,1980,213
10.86872,2199,1980,219
11.03268,2186,1981,205
11.19729,2154,1984,170
11.36786,2106,1989,117
11.5379,2048,1995,53
11.71003,1983,2001,-18
11.88129,1921,2007,-86
12.04619,1868,2013,-145
12.21576,1828,2017,-189
12.38884,1804,2019,-215
12.56138,1801,2019,-218
12.73512,1819,2018,-199
12.89939,1854,2014,-160
13.06547,1903,2009,-106
13.23368,1962,2003,-41
13.40453,2026,1997,29
13.57371,2087,1991,96
13.74686,2140,1985,155
13.91227,2177,1982,195
14.07922,2197,1980,217
14.25044,2197,1980,217
14.42298,2177,1982,195
14.59426,2138,1986,152
14.76815,2084,1991,93
14.93182,2025,1997,28
15.10237,1961,2003,-42
15.27394,1901,2009,-108
15.4467,1850,2014,-164
15.61703,1816,2018,-202
15.78863,1800,2019,-219
15.94921,1804,2019,-215
16.12044,1828,2017,-189
16.28781,1869,2013,-144
16.4579,1923,2007,-84
16.62776,1985,2001,-16
16.79799,2049,1995,54
16.95943,2104,1989,115
17.12851,2152,1984,168
17.30248,2186,1981,205
17.47435,2199,1980,219
17.64719,2192,1980,212
17.8204,2164,1983,181
17.98272,2122,1987,135
18.15312,2066,1993,73
18.32527,2003,1999,4
18.49727,1939,2006,-67
18.66761,1882,2011,-129
18.8398,1836,2016,-180
19.00046,1809,2019,-210
19.16265,1800,2019,-219
19.33629,1810,2018,-208
19.50731,1839,2016,-177
19.67775,1885,2011,-126
19.85033,1944,2005,-61
20.01155,2004,1999,5
20.18187,2067,1993,74
20.35605,2124,1987,137
20.52928,2168,1983,185
20.70196,2193,1980,213
20.87497,2199,1980,219
21.03772,2185,1981,204
21.20154,2153,1984,169
21.37603,2104,1989,115
21.54827,2044,1995,49
21.72713,1977,2002,-25
21.89985,1914,2008,-94
22.06616,1863,2013,-150
22.23674,1824,2017,-193
22.41,1802,2019,-217
22.58116,1802,2019,-217
22.75361,1822,2017,-195
22.9215,1859,2014,-155
23.08773,1910,2008,-98
23.26064,1972,2002,-30
23.43338,2037,1996,41
23.60458,2097,1990,107
23.77788,2148,1985,163
23.94282,2182,1981,201
24.11272,2198,1980,218
24.28619,2194,1980,214
24.45921,2170,1982,188
24.63024,2128,1987,141
24.80428,2072,1992,80
24.96679,2012,1998,14
25.13771,1948,2005,-57
25.31123,1889,2011,-122
25.48422,1841,2015,-174
25.65573,1811,2018,-207
25.82755,1800,2019,-219
25.98994,1808,2019,-211
26.16247,1837,2016,-179
26.33501,1882,2011,-129
26.50874,1941,2005,-64
26.68009,2005,1999,6
26.85547,2069,1993,76
27.02098,2123,1987,136
27.18995,2166,1983,183
27.36702,2193,1980,213
27.54601,2199,1980,219
27.71631,2183,1981,202
27.89053,2148,1985,163
28.05631,2099,1990,109
28.24189,2034,1996,38
28.40138,1974,2002,-28
28.56289,1916,2008,-92
28.71737,1867,2013,-146
28.87802,1828,2017,-189
29.03083,1806,2019,-213
29.1878,1800,2019,-219
29.34168,1810,2018,-208
29.50191,1838,2016,-178
29.66288,1881,2011,-130
29.81938,1933,2006,-73
29.97505,1990,2000,-10
30.13285,2049,1995,54
30.29253,2104,1989,115
30.45142,2150,1984,166
30.60906,2182,1981,201
30.76936,2198,1980,218
30.92788,2196,1980,216
31.08509,2177,1982,195
31.23623,2145,1985,160
31.39553,2097,1990,107
31.55457,2041,1995,46
31.71565,1981,2001,-20
31.87483,1923,2007,-84
32.0252,1874,2012,-138
32.18297,1834,2016,-182
32.34432,1808,2019,-211
32.50418,1800,2019,-219
32.66242,1809,2019,-210
32.82065,1835,2016,-181
32.97466,1874,2012,-138
33.1317,1925,2007,-82
33.28959,1983,2001,-18
33.44888,2043,1995,48
33.60721,2098,1990,108
33.76748,2146,1985,161
33.9209,2178,1982,196
34.07206,2196,1980,216
34.22796,2198,1980,218
34.38361,2183,1981,202
34.54393,2151,1984,167
34.70399,2105,1989,116
34.8609,2051,1994,57
35.00998,1996,2000,-4
35.16613,1938,2006,-68
35.32505,1884,2011,-127
35.48409,1841,2015,-174
35.63953,1813,2018,-205
35.7999,1800,2019,-219
35.95307,1805,2019,-214
36.10749,1826,2017,-191
36.26089,1861,2013,-152
36.41952,1910,2008,-98
36.57866,1966,2003,-37
36.73995,2027,1997,30
36.89942,2084,1991,93
37.04783,2131,1986,145
37.20455,2169,1983,186
37.36418,2193,1980,213
37.524,2199,1980,219
37.68253,2188,1981,207
37.84079,2160,1983,177
37.9939,2119,1988,131
38.15363,2066,1993,73
38.31476,2006,1999,7
38.47467,1947,2005,-58
38.63344,1892,2010,-118
38.79271,1847,2015,-168
38.95041,1816,2018,-202
39.10581,1801,2019,-218
39.26617,1803,2019,-216
39.42555,1823,2017,-194
39.58341,1858,2014,-156
39.74391,1907,2009,-102
39.90416,1964,2003,-39
40.05177,2019,1998,21
40.20684,2076,1992,84
40.36623,2127,1987,140
40.52499,2167,1983,184
40.68411,2192,1980,212
40.84445,2199,1980,219
40.99552,2190,1980,210
41.15415,2164,1983,181
41.31305,2123,1987,136
41.47084,2072,1992,80
41.63001,2013,1998,15
41.78976,1954,2004,-50
41.95006,1898,2010,-112
42.10064,1854,2014,-160
42.25838,1820,2017,-197
42.41678,1802,2019,-217
42.57591,1802,2019,-217
42.71548,1816,2018,-202
42.8728,1847,2015,-168
43.02039,1888,2011,-123
43.17698,1941,2005,-64
43.33457,2000,1999,1
43.49045,2058,1994,64
43.64775,2111,1988,123
43.80423,2155,1984,171
43.9623,2185,1981,204
44.1134,2198,1980,218
44.27055,2196,1980,216
44.42763,2176,1982,194
44.58511,2140,1985,155
44.7455,2092,1990,102
44.90502,2035,1996,39
45.05306,1980,2001,-21
45.20823,1923,2007,-84
45.36667,1872,2012,-140
45.52458,1832,2016,-184
45.68337,1807,2019,-212
45.84204,1800,2019,-219
45.99553,1809,2019,-210
46.15175,1834,2016,-182
46.30804,1874,2012,-138
46.46422,1925,2007,-82
46.62501,1984,2001,-17
46.78469,2044,1995,49
46.94957,2101,1989,112
47.09975,2145,1985,160
47.25712,2179,1982,197
47.4157,2197,1980,217
47.57451,2198,1980,218
47.73236,2181,1981,200
47.89059,2148,1985,163
48.04026,2104,1989,115
48.19656,2050,1994,56
48.35604,1991,2000,-9
48.51519,1932,2006,-74
48.67337,1880,2011,-131
48.83008,1838,2016,-178
48.9899,1810,2018,-208
49.14155,1800,2019,-219
49.29979,1806,2019,-213
49.45834,1829,2017,-188
49.61498,1867,2013,-146
49.77302,1917,2008,-91
49.94156,1978,2002,-24
50.08965,2033,1996,37
50.2452,2089,1991,98
50.40175,2137,1986,151
50.5583,2173,1982,191
50.71739,2195,1980,215
50.87229,2199,1980,219
51.02439,2187,1981,206
51.175,2159,1984,175
51.32903,2118,1988,130
51.48673,2066,1993,73
51.64312,2008,1999,9
51.80174,1949,2005,-56
51.95927,1895,2010,-115
52.11497,1850,2014,-164
52.27025,1818,2018,-200
52.42461,1802,2019,-217
52.5781,1802,2019,-217
52.72923,1818,2018,-200
52.87724,1848,2015,-167
53.02495,1890,2010,-120
53.18618,1945,2005,-60
53.34031,2002,1999,3
53.49739,2060,1993,67
53.65024,2112,1988,124
53.80622,2155,1984,171
53.96536,2185,1981,204
54.11408,2199,1980,219
54.271,2196,1980,216
54.42906,2176,1982,194
54.58692,2140,1985,155
54.73886,2094,1990,104
54.8892,2041,1995,46
55.03843,1985,2001,-16
55.19174,1929,2007,-78
55.34402,1879,2012,-133
55.49405,1839,2016,-177
55.65002,1811,2018,-207
55.8018,1800,2019,-219
55.95542,1805,2019,-214
56.1057,1825,2017,-192
56.25858,1860,2013,-153
56.41384,1908,2009,-101
56.56935,1963,2003,-40
56.72183,2020,1997,23
56.87413,2076,1992,84
57.02819,2125,1987,138
57.17976,2164,1983,181
57.33237,2190,1980,210
57.48972,2199,1980,219
57.64537,2192,1980,212
57.79772,2169,1983,186
57.95037,2132,1986,146
58.09813,2085,1991,94
58.25285,2030,1996,34
58.40576,1972,2002,-30
58.55937,1917,2008,-91
58.7109,1869,2013,-144
58.86695,1831,2016,-185
59.02482,1807,2019,-212
59.17878,1800,2019,-219
59.33774,1810,2018,-208
59.49892,1837,2016,-179
59.65859,1879,2012,-133
59.81605,1932,2006,-74
59.97201,1989,2001,-12
60.12767,2047,1995,52
60.28036,2100,1989,111
60.43001,2144,1985,159
60.58422,2178,1982,196
60.74261,2197,1980,217
60.90074,2198,1980,218
61.05318,2183,1981,202
61.20373,2153,1984,169
61.35668,2110,1988,122
61.51114,2057,1994,63
61.66337,2001,1999,2
61.8164,1944,2005,-61
61.97152,1891,2010,-119
62.12047,1849,2015,-166
62.27692,1817,2018,-201
62.42728,1801,2019,-218
62.58002,1802,2019,-217
62.7406,1820,2017,-197
62.90021,1854,2014,-160
63.05196,1898,2010,-112
63.20283,1951,2004,-53
63.36,2010,1998,12
63.51714,2067,1993,74
63.66844,2118,1988,130
63.82488,2159,1984,175
63.97993,2187,1981,206
64.12893,2199,1980,219
64.28379,2195,1980,215
64.43703,2174,1982,192
64.58954,2139,1986,153
64.74126,2093,1990,103
64.89253,2040,1995,45
65.04398,1983,2001,-18
65.19257,1928,2007,-79
65.3478,1878,2012,-134
65.50438,1837,2016,-179
65.65922,1810,2018,-208
65.81858,1800,2019,-219
65.97292,1806,2019,-213
66.12738,1829,2017,-188
66.27847,1866,2013,-147
66.42871,1913,2008,-95
66.57951,1967,2003,-36
66.73736,2026,1997,29
66.89493,2083,1991,92
67.04852,2131,1986,145
67.19932,2168,1983,185
0.0,2000,1999,1
0.0,2000,1999,1
0.0,2000,1999,1
0.31941,2113,1988,125
0.42038,2142,1985,157
0.5236,2166,1983,183
0.62441,2184,1981,203
0.72517,2195,1980,215
0.8256,2199,1980,219
0.92609,2196,1980,216
1.02806,2186,1981,205
1.12988,2169,1983,186
1.23102,2146,1985,161
1.33134,2118,1988,130
1.43237,2085,1991,94
1.53287,2049,1995,54
1.63805,2010,1998,12
1.73894,1972,2002,-30
1.84003,1935,2006,-71
1.94043,1901,2009,-108
2.0408,1870,2012,-142
2.14104,1844,2015,-171
2.24316,1822,2017,-195
2.34375,1808,2019,-211
2.44436,1801,2019,-218
2.54505,1800,2019,-219
2.64758,1807,2019,-212
2.74861,1821,2017,-196
2.85449,1843,2015,-172
2.95474,1869,2013,-144
3.05593,1900,2009,-109
3.15697,1934,2006,-72
3.25727,1971,2002,-31
3.35811,2009,1999,10
3.46499,2049,1995,54
3.56579,2084,1991,93
3.66806,2117,1988,129
3.76837,2146,1985,161
3.8751,2170,1982,188
3.97539,2187,1981,206
4.07595,2197,1980,217
4.17625,2199,1980,219
4.27664,2195,1980,215
4.38117,2183,1981,202
0.0,2000,1999,1
0.3368,2118,1988,130
0.43779,2146,1985,161
0.54397,2170,1982,188
0.64428,2187,1981,206
0.74922,2197,1980,217
0.84977,2199,1980,219
0.95005,2195,1980,215
1.05106,2183,1981,202
1.15135,2165,1983,182
1.25232,2140,1985,155
1.35261,2111,1988,123
1.45812,2076,1992,84
1.5592,2040,1995,45
1.65948,2002,1999,3
1.7605,1964,2003,-39
1.86281,1927,2007,-80
1.9634,1893,2010,-117
2.06405,1863,2013,-150
2.1647,1838,2016,-178
2.27158,1818,2018,-200
2.37243,1805,2019,-214
2.47341,1800,2019,-219
2.57448,1801,2019,-218
2.67491,1810,2018,-208
2.77594,1826,2017,-191
2.87644,1848,2015,-167
2.97692,1875,2012,-137
3.07742,1907,2009,-102
3.18305,1944,2005,-61
3.28407,1981,2001,-20
3.38432,2019,1998,21
3.48524,2056,1994,62
3.58554,2091,1990,101
3.68629,2123,1987,136
3.79009,2151,1984,167
3.89125,2173,1982,191
3.99494,2189,1981,208
4.0962,2198,1980,218
4.19773,2199,1980,219
4.29867,2193,1980,213
4.40304,2180,1981,199
4.50392,2160,1983,177
4.60738,2134,1986,148
4.70801,2104,1989,115
4.8087,2070,1992,78
4.90939,2033,1996,37
5.01319,1995,2000,-5
5.11412,1957,2004,-47
5.21896,1919,2008,-89
5.31979,1886,2011,-125
5.42081,1857,2014,-157
5.52372,1833,2016,-183
5.62465,1815,2018,-203
5.72964,1803,2019,-216
5.83056,1800,2019,-219
5.93506,1803,2019,-216
6.03583,1814,2018,-204
6.13673,1831,2016,-185
6.241,1856,2014,-158
6.34127,1884,2011,-127
6.44194,1917,2008,-91
6.54271,1953,2004,-51
6.64897,1993,2000,-7
6.74966,2031,1996,35
6.85636,2070,1992,78
6.95718,2104,1989,115
7.05818,2134,1986,148
7.1593,2160,1983,177
7.26358,2180,1981,199
7.36495,2193,1980,213
7.46539,2199,1980,219
7.56667,2198,1980,218
7.66716,2190,1980,210
7.77393,2173,1982,191
7.87532,2152,1984,168
7.97603,2124,1987,137
8.0825,2091,1990,101
8.18344,2055,1994,61
8.28555,2017,1998,19
8.3865,1979,2002,-23
8.49089,1941,2005,-64
8.59161,1906,2009,-103
8.69843,1872,2012,-140
8.79899,1846,2015,-169
8.90012,1824,2017,-193
9.00442,1809,2019,-210
9.10552,1801,2019,-218
9.20645,1800,2019,-219
9.30675,1806,2019,-213
9.40736,1820,2017,-197
9.50818,1840,2015,-175
9.60922,1865,2013,-148
9.71342,1897,2010,-113
9.81384,1931,2006,-75
9.9147,1967,2003,-36
10.02209,2008,1999,9
10.12327,2046,1995,51
10.22521,2082,1991,91
10.3263,2115,1988,127
10.43134,2145,1985,160
10.53207,2168,1983,185
10.63914,2186,1981,205
10.73975,2196,1980,216
10.84064,2199,1980,219
10.94737,2195,1980,215
11.04802,2183,1981,202
11.14929,2165,1983,182
11.25073,2141,1985,156
11.3517,2111,1988,123
11.45734,2076,1992,84
11.55799,2040,1995,45
11.6593,2002,1999,3
11.76117,1964,2003,-39
11.86228,1927,2007,-80
11.96675,1892,2010,-118
12.06766,1862,2013,-151
12.17424,1836,2016,-180
12.27486,1817,2018,-201
12.37537,1805,2019,-214
12.47592,1800,2019,-219
12.57722,1802,2019,-217
12.68147,1811,2018,-207
12.78209,1827,2017,-190
12.88344,1850,2014,-164
12.98778,1878,2012,-134
13.08956,1911,2008,-97
13.18991,1946,2005,-59
13.29028,1983,2001,-18
13.39065,2021,1997,24
13.49109,2058,1994,64
13.59163,2093,1990,103
13.69243,2125,1987,138
13.79971,2154,1984,170
13.9006,2175,1982,193
14.00196,2190,1980,210
14.10255,2198,1980,218
14.20319,2199,1980,219
14.30434,2193,1980,213
14.40554,2180,1981,199
14.51111,2159,1984,175
14.61245,2133,1986,147
14.71305,2102,1989,113
14.81692,2067,1993,74
14.9228,2028,1997,31
15.02511,1990,2000,-10
15.12567,1953,2004,-51
15.22683,1917,2008,-91
15.33355,1882,2011,-129
15.43405,1854,2014,-160
15.53466,1830,2016,-186
15.63526,1813,2018,-205
15.73627,1803,2019,-216
15.83713,1800,2019,-219
15.93838,1803,2019,-216
16.03959,1814,2018,-204
16.14178,1832,2016,-184
16.24256,1856,2014,-158
16.34314,1885,2011,-126
16.44436,1918,2008,-90
16.55073,1956,2004,-48
0.0,2000,1999,1
0.32324,2114,1988,126
0.42396,2143,1985,158
0.52741,2167,1983,184
0.62836,2185,1981,204
0.7291,2196,1980,216
0.8302,2199,1980,219
0.9305,2196,1980,216
1.03097,2186,1981,205
1.13501,2168,1983,185
1.2361,2145,1985,160
1.33637,2116,1988,128
1.44212,2082,1991,91
1.54324,2046,1995,51
1.64354,2008,1999,9
1.74404,1970,2002,-32
1.84434,1934,2006,-72
1.94513,1899,2010,-111
2.05148,1867,2013,-146
2.15185,1841,2015,-174
2.25264,1821,2017,-196
2.3568,1807,2019,-212
2.45735,1800,2019,-219
2.55844,1801,2019,-218
2.65883,1808,2019,-211
2.76535,1824,2017,-193
2.86574,1845,2015,-170
2.96654,1872,2012,-140
3.06688,1903,2009,-106
3.17284,1940,2005,-65
3.27332,1977,2002,-25
3.37886,2017,1998,19
3.47999,2054,1994,60
3.58137,2090,1990,100
3.68179,2122,1987,135
3.78834,2151,1984,167
3.88927,2173,1982,191
3.98964,2188,1981,207
4.09018,2197,1980,217
4.19069,2199,1980,219
4.2945,2194,1980,214
4.39559,2181,1981,200
4.49681,2162,1983,179
4.59711,2137,1986,151
4.69817,2107,1989,118
4.79842,2074,1992,82
4.89882,2037,1996,41
5.00454,1998,2000,-2
5.10482,1960,2003,-43
5.20523,1924,2007,-83
5.31047,1889,2011,-122
5.4114,1859,2014,-155
5.51433,1835,2016,-181
5.61486,1816,2018,-202
5.71581,1804,2019,-215
5.81844,1800,2019,-219
5.92064,1802,2019,-217
6.02141,1812,2018,-206
6.12255,1828,2017,-189
6.22893,1853,2014,-161
6.32928,1881,2011,-130
6.4304,1913,2008,-95
6.53661,1951,2004,-53
6.63772,1989,2001,-12
6.73804,2026,1997,29
6.83915,2063,1993,70
6.94498,2100,1989,111
7.04529,2130,1986,144
7.1464,2157,1984,173
7.24672,2177,1982,195
7.35233,2192,1980,212
7.45346,2199,1980,219
7.55377,2198,1980,218
7.6546,2191,1980,211
7.75544,2177,1982,195
7.85671,2156,1984,172
7.95711,2130,1986,144
8.06027,2098,1990,108
8.16106,2063,1993,70
8.26218,2026,1997,29
8.36245,1989,2001,-12
8.4636,1951,2004,-53
8.56392,1915,2008,-93
8.66426,1883,2011,-128
8.77036,1853,2014,-161
8.87126,1830,2016,-186
8.9765,1812,2018,-206
9.07969,1802,2019,-217
9.18051,1800,2019,-219
9.28694,1805,2019,-214
9.38799,1817,2018,-201
9.4883,1835,2016,-181
9.58894,1860,2013,-153
9.69037,1889,2011,-122
9.79101,1923,2007,-84
9.89553,1960,2003,-43
9.99657,1998,2000,-2
10.10403,2038,1996,42
10.20447,2075,1992,83
10.30487,2108,1989,119
10.41112,2139,1986,153
10.51183,2164,1983,181
10.61296,2182,1981,201
10.71419,2194,1980,214
10.81446,2199,1980,219
10.92095,2197,1980,217
11.02133,2187,1981,206
11.12245,2171,1982,189
11.22275,2148,1985,163
11.32308,2120,1987,133
11.4242,2088,1991,97
11.52969,2051,1994,57
11.63018,2013,1998,15
11.73049,1975,2002,-27
11.83077,1939,2006,-67
11.93107,1904,2009,-105
12.03136,1873,2012,-139
12.13164,1846,2015,-169
12.23191,1824,2017,-193
12.33278,1809,2019,-210
12.43664,1801,2019,-218
12.53723,1800,2019,-219
12.63752,1806,2019,-213
12.73781,1819,2018,-199
12.83808,1839,2016,-177
12.93841,1864,2013,-149
13.03931,1894,2010,-116
13.14623,1930,2006,-76
13.2465,1967,2003,-36
13.34687,2005,1999,6
13.44765,2042,1995,47
13.5535,2080,1991,89
13.65377,2113,1988,125
13.75411,2142,1985,157
13.85452,2166,1983,183
13.95507,2184,1981,203
14.06114,2196,1980,216
14.1614,2199,1980,219
14.26419,2196,1980,216
14.36471,2186,1981,205
14.46577,2169,1983,186
14.56817,2145,1985,160
14.66854,2116,1988,128
14.76903,2084,1991,93
14.86989,2048,1995,53
14.97487,2009,1999,10
15.07554,1971,2002,-31
15.17635,1934,2006,-72
15.27728,1900,2009,-109
15.3831,1867,2013,-146
15.48351,1841,2015,-174
15.58445,1821,2017,-196
15.68826,1807,2019,-212
15.78888,1800,2019,-219
15.88996,1801,2019,-218
15.99615,1809,2019,-210
16.09647,1824,2017,-193
16.19732,1845,2015,-170
16.30334,1873,2012,-139
16.40395,1904,2009,-105
16.50511,1940,2005,-65
16.60599,1977,2002,-25
16.70706,2015,1998,17
16.81396,2054,1994,60
16.91435,2090,1990,100
17.01538,2122,1987,135
17.11949,2150,1984,166
17.21987,2172,1982,190
17.32077,2188,1981,207
17.42183,2197,1980,217
17.52304,2199,1980,219
17.62345,2194,1980,214
17.72384,2182,1981,201
17.82429,2163,1983,180
17.92508,2139,1986,153
18.02588,2109,1989,120
18.12767,2075,1992,83
18.22805,2039,1996,43
18.32835,2001,1999,2
18.42863,1964,2003,-39
18.52892,1927,2007,-80
18.62986,1893,2010,-117
18.73612,1862,2013,-151
18.83639,1837,2016,-179
18.93699,1818,2018,-200
19.03793,1805,2019,-214
19.1387,1800,2019,-219
19.23971,1801,2019,-218
19.3448,1811,2018,-207
19.4454,1826,2017,-191
19.54612,1849,2015,-166
19.64692,1876,2012,-136
19.74771,1908,2009,-101
19.84884,1943,2005,-62
19.9517,1981,2001,-20
20.05391,2020,1997,23
20.15418,2057,1994,63
20.25484,2092,1990,102
20.35515,2124,1987,137
20.45991,2152,1984,168
20.56067,2000,2000,0
20.66085,2000,2000,0
20.76713,2000,2000,0
20.86744,2000,2000,0
20.96775,2000,2000,0
21.06806,2000,2000,0
21.16837,2000,2000,0
21.26872,2000,2000,0
21.36906,2000,2000,0
21.46936,2000,2000,0
21.56966,2000,2000,0
21.66998,2000,2000,0
21.7703,2000,2000,0
21.87066,2000,2000,0
21.97108,2000,2000,0
22.07309,2000,2000,0
22.174,2000,2000,0
22.27513,2000,2000,0
22.37596,2000,2000,0
22.47686,2000,2000,0
22.58182,2000,2000,0
22.68433,2000,2000,0
22.78467,2000,2000,0
22.88497,2000,2000,0
22.98584,2000,2000,0
23.08624,2000,2000,0
23.18702,2000,2000,0
23.28742,2000,2000,0
23.38816,2000,2000,0
23.49521,2000,2000,0
23.59547,2000,2000,0
23.69616,2000,2000,0
23.79728,2000,2000,0
23.90086,2000,2000,0
24.00133,2000,2000,0
24.10168,2000,2000,0
24.20213,2000,2000,0
24.30247,2000,2000,0
24.40274,2000,2000,0
24.50352,2000,2000,0
24.60765,2000,2000,0
24.70794,2000,2000,0
24.80824,2000,2000,0
24.9087,2000,2000,0
25.00915,2000,2000,0
25.10956,2000,2000,0
25.21567,2000,2000,0
25.31593,2000,2000,0
25.41675,2000,2000,0
25.51703,2000,2000,0
25.62179,2000,2000,0
25.7234,2000,2000,0
25.82448,2000,2000,0
25.92473,2000,2000,0
26.02502,2000,2000,0
26.12534,2000,2000,0
26.22564,2000,2000,0
26.32597,2000,2000,0
26.42633,2000,2000,0
26.52675,2000,2000,0
26.62719,2000,2000,0
26.72758,2000,2000,0
26.82835,2000,2000,0
26.92948,2000,2000,0
27.03305,2000,2000,0
27.13333,2000,2000,0
27.23365,2000,2000,0
27.33393,2000,2000,0
27.43421,2000,2000,0
27.53448,2000,2000,0
27.63475,2000,2000,0
27.73503,2000,2000,0
27.83529,2000,2000,0
27.93563,2000,2000,0
28.03636,2000,2000,0
28.14091,2000,2000,0
28.24118,2000,2000,0
28.34165,2000,2000,0
28.44282,2000,2000,0
28.54389,2000,2000,0
28.64842,2000,2000,0
28.74867,2000,2000,0
28.84919,2000,2000,0
28.95028,2000,2000,0
29.05301,2000,2000,0
29.15347,2000,2000,0
29.25404,2000,2000,0
29.35474,2000,2000,0
29.45544,2000,2000,0
29.55611,2000,2000,0
29.65644,2000,2000,0
29.75673,2000,2000,0
29.85748,2000,2000,0
29.96048,2000,2000,0
30.06088,2000,2000,0
30.16188,2000,2000,0
30.26833,2000,2000,0
30.36884,2000,2000,0
30.46993,2000,2000,0
30.57225,2000,2000,0
30.67275,2000,2000,0
30.77306,2000,2000,0
30.87342,2000,2000,0
30.9737,2000,2000,0
31.07406,2000,2000,0
31.17518,2000,2000,0
31.27619,2000,2000,0
31.37969,2000,2000,0
31.48009,2000,2000,0
31.581,2000,2000,0
31.68656,2000,2000,0
31.78698,2000,2000,0
31.88799,2000,2000,0
31.99307,2000,2000,0
32.09342,2000,2000,0
32.19381,2000,2000,0
32.29435,2000,2000,0
32.39512,2000,2000,0
32.50145,2000,2000,0
32.60189,2000,2000,0
32.70285,2000,2000,0
32.80678,2000,2000,0
32.90759,2000,2000,0
33.00785,2000,2000,0
33.10818,2000,2000,0
33.20924,2000,2000,0
33.31488,2000,2000,0
33.41514,2000,2000,0
33.51719,2000,2000,0
33.61746,2000,2000,0
33.71775,2000,2000,0
33.81803,2000,2000,0
33.91833,2000,2000,0
34.01864,2000,2000,0
34.11953,2000,2000,0
34.22526,2000,2000,0
34.32562,2000,2000,0
34.42601,2000,2000,0
34.52689,2000,2000,0
34.63298,2000,2000,0
34.73325,2000,2000,0
34.8336,2000,2000,0
34.93389,2000,2000,0
35.04105,2000,2000,0
35.14147,2000,2000,0
35.24201,2000,2000,0
35.3423,2000,2000,0
35.44331,2000,2000,0
35.54949,2000,2000,0
35.64997,2000,2000,0
35.75044,2000,2000,0
35.85075,2000,2000,0
35.95101,2000,2000,0
36.05175,2000,2000,0
36.15664,2000,2000,0
36.25834,2000,2000,0
36.35875,2000,2000,0
36.45954,2000,2000,0
36.56059,2000,2000,0
36.66584,2000,2000,0
36.76611,2000,2000,0
36.86746,2000,2000,0
36.96791,2000,2000,0
37.06886,2000,2000,0
37.17472,2000,2000,0
37.27505,2000,2000,0
37.3758,2000,2000,0
37.48319,2000,2000,0
37.58421,2000,2000,0
37.68462,2000,2000,0
37.79104,2000,2000,0
37.89165,2000,2000,0
37.992,2000,2000,0
38.09783,2000,2000,0
38.20009,2000,2000,0
38.30081,2000,2000,0
38.40152,2000,2000,0
38.50809,2000,2000,0
38.60871,2000,2000,0
38.70978,2000,2000,0
38.81101,2000,2000,0
38.91666,2000,2000,0
39.01746,2000,2000,0
39.11836,2000,2000,0
39.21974,2000,2000,0
39.32378,2000,2000,0
39.42464,2000,2000,0
39.52586,2000,2000,0
39.62698,2000,2000,0
39.73238,2000,2000,0
39.83316,2000,2000,0
39.94103,2000,2000,0
40.04184,2000,2000,0
40.14865,2000,2000,0
40.24939,2000,2000,0
40.3507,2000,2000,0
40.45259,2000,2000,0
40.55502,2000,2000,0
40.65553,2000,2000,0
40.75623,2000,2000,0
40.85723,2199,1980,219
40.95819,2194,1980,214
41.06276,2181,1981,200
41.16338,2162,1983,179
41.26408,2137,1986,151
41.36537,2107,1989,118
41.4689,2072,1992,80
41.57207,2035,1996,39
41.67291,1997,2000,-3
41.77425,1959,2004,-45
41.87877,1922,2007,-85
41.97915,1888,2011,-123
42.07999,1859,2014,-155
42.18083,1835,2016,-181
42.28597,1816,2018,-202
42.38707,1804,2019,-215
42.48735,1800,2019,-219
42.58798,1802,2019,-217
42.68869,1812,2018,-206
42.79498,1830,2016,-186
42.89584,1853,2014,-161
42.99722,1881,2011,-130
43.0981,1914,2008,-94
43.20249,1951,2004,-53
43.30282,1988,2001,-13
43.40437,2026,1997,29
43.50472,2063,1993,70
43.60517,2098,1990,108
43.70581,2129,1987,142
43.80616,2155,1984,171
43.90686,2176,1982,194
44.00816,2191,1980,211
44.11241,2198,1980,218
44.21317,2199,1980,219
44.31413,2192,1980,212
44.41961,2177,1982,195
44.51989,2157,1984,173
44.62044,2131,1986,145
44.72119,2100,1989,111
44.82199,2065,1993,72
44.92267,2029,1997,32
45.02379,1991,2000,-9
45.13079,1951,2004,-53
45.23133,1915,2008,-93
45.33239,1882,2011,-129
45.43371,1854,2014,-160
45.53656,1830,2016,-186
45.6369,1813,2018,-205
45.73738,1803,2019,-216
45.83794,1800,2019,-219
45.93837,1803,2019,-216
46.03884,1814,2018,-204
46.1394,1832,2016,-184
46.23972,1855,2014,-159
46.34082,1884,2011,-127
46.44216,1917,2008,-91
46.549,1956,2004,-48
46.65035,1993,2000,-7
46.75133,2031,1996,35
46.85225,2068,1993,75
46.95315,2102,1989,113
47.05363,2133,1986,147
47.15413,2158,1984,174
47.25472,2179,1982,197
47.35525,2192,1980,212
47.45576,2199,1980,219
47.55617,2198,1980,218
47.6567,2191,1980,211
47.7572,2176,1982,194
47.86329,2154,1984,170
47.96378,2128,1987,141
48.06414,2097,1990,107
48.16443,2062,1993,69
48.26475,2025,1997,28
48.3654,1987,2001,-14
48.47122,1948,2005,-57
48.57161,1913,2008,-95
48.67239,1880,2011,-131
48.77339,1852,2014,-162
48.8798,1828,2017,-189
48.9801,1812,2018,-206
49.08041,1802,2019,-217
49.18084,1800,2019,-219
49.28112,1804,2019,-215
49.38137,1816,2018,-202
49.48169,1834,2016,-182
49.58201,1858,2014,-156
49.68228,1887,2011,-124
49.7828,1920,2007,-87
49.88346,1956,2004,-48
49.98444,1994,2000,-6
50.08828,2033,1996,37
50.18887,2069,1993,76
50.29527,2105,1989,116
50.39559,2135,1986,149
50.49638,2160,1983,177
50.60043,2181,1981,200
50.70073,2193,1980,213
50.8011,2199,1980,219
50.90208,2198,1980,218
51.01337,2188,1981,207
51.12023,2171,1982,189
51.22066,2149,1985,164
51.32115,2121,1987,134
51.42202,2088,1991,97
51.52317,2053,1994,59
51.62842,2014,1998,16
51.72877,1976,2002,-26
51.82921,1939,2006,-67
51.92965,1904,2009,-105
52.03032,1873,2012,-139
52.13081,1846,2015,-169
52.23137,1825,2017,-192
52.33185,1809,2019,-210
52.43263,1801,2019,-218
52.5338,1800,2019,-219
52.63765,1806,2019,-213
52.73817,1819,2018,-199
52.83881,1839,2016,-177
52.9396,1864,2013,-149
53.04016,1895,2010,-115
53.14063,1928,2007,-79
53.24136,1965,2003,-38
53.3427,2003,1999,4
53.4438,2041,1995,46
53.54515,2077,1992,85
53.64651,2111,1988,123
53.75313,2142,1985,157
53.85362,2166,1983,183
53.954,2184,1981,203
54.05496,2195,1980,215
54.15624,2199,1980,219
54.26305,2196,1980,216
54.36745,2185,1981,204
54.47214,2167,1983,184
54.57387,2143,1985,158
54.6743,2115,1988,127
54.77514,2082,1991,91
54.87629,2046,1995,51
54.97758,2008,1999,9
55.08455,1968,2003,-35
55.18487,1931,2006,-75
55.28555,1897,2010,-113
55.38693,1866,2013,-147
55.49425,1839,2016,-177
55.59479,1819,2018,-199
55.69548,1806,2019,-213
55.79657,1800,2019,-219
55.90389,1801,2019,-218
56.00454,1810,2018,-208
56.1053,1825,2017,-192
56.20641,1847,2015,-168
56.31273,1876,2012,-136
56.41329,1908,2009,-101
56.51383,1943,2005,-62
56.61418,1980,2001,-21
56.71496,2018,1998,20
56.81566,2055,1994,61
56.91641,2090,1990,100
57.0177,2122,1987,135
57.12212,2151,1984,167
57.22247,2173,1982,191
57.32318,2188,1981,207
57.4243,2197,1980,217
57.53066,2199,1980,219
57.6314,2193,1980,213
57.73202,2181,1981,200
57.8383,2160,1983,177
57.93904,2135,1986,149
58.04034,2104,1989,115
58.14293,2070,1992,78
58.24543,2032,1996,36
58.34571,1995,2000,-5
58.4461,1957,2004,-47
58.54669,1921,2007,-86
58.6476,1888,2011,-123
58.74827,1859,2014,-155
58.84893,1834,2016,-182
58.94975,1816,2018,-202
59.05074,1804,2019,-215
59.15168,1800,2019,-219
59.25279,1802,2019,-217
59.3542,1812,2018,-206
59.45556,1828,2017,-189
59.55896,1852,2014,-162
59.65952,1880,2011,-131
59.7605,1912,2008,-96
59.86192,1948,2005,-57
59.96787,1987,2001,-14
60.06861,2025,1997,28
60.17045,2063,1993,70
60.2711,2097,1990,107
60.3722,2129,1987,142
60.47762,2156,1984,172
60.57899,2177,1982,195
60.6794,2191,1980,211
60.78015,2198,1980,218
60.88074,2199,1980,219
60.98697,2191,1980,211
61.08745,2177,1982,195
61.19042,1985,2001,-16
61.29122,1985,2001,-16
61.39251,1987,2001,-14
61.49866,1991,2000,-9
61.59912,1996,2000,-4
61.69981,2001,1999,2
61.80085,2007,1999,8
61.90223,2011,1998,13
62.00547,2014,1998,16
62.106,2014,1998,16
62.20636,2013,1998,15
62.30684,2009,1999,10
62.40772,2005,1999,6
62.5089,1999,2000,-1
62.61409,1993,2000,-7
62.71468,1989,2001,-12
62.81543,1986,2001,-15
62.91574,1985,2001,-16
63.01675,1986,2001,-15
63.11799,1989,2001,-12
63.22315,1993,2000,-7
63.32378,1999,2000,-1
63.42453,2005,1999,6
63.52574,2009,1999,10
63.63077,2013,1998,15
63.73127,2014,1998,16
63.83203,2014,1998,16
63.933,2011,1998,13
64.03394,2007,1999,8
64.135,2001,1999,2
64.2362,1996,2000,-4
64.33989,1990,2000,-10
64.44023,1987,2001,-14
64.54093,1985,2001,-16
64.64189,1985,2001,-16
64.74278,1987,2001,-14
64.84411,1991,2000,-9
64.94792,1997,2000,-3
65.0484,2002,1999,3
65.14886,2007,1999,8
65.25452,2012,1998,14
65.35516,2014,1998,16
65.45564,2014,1998,16
65.55842,2012,1998,14
65.66299,2008,1999,9
65.77009,2003,1999,4
65.87081,1997,2000,-3
65.97129,1992,2000,-8
66.07198,1988,2001,-13
66.17242,1985,2001,-16
66.27308,1985,2001,-16
66.37416,1986,2001,-15
66.48143,1990,2000,-10
66.58195,1995,2000,-5
66.68297,2000,1999,1
66.78385,2006,1999,7
66.8843,2010,1998,12
66.98482,2013,1998,15
67.08621,2014,1998,16
67.18766,2013,1998,15
67.289,2010,1998,12
67.39613,2005,1999,6
67.4967,2000,1999,1
67.59744,1994,2000,-6
67.69785,1989,2001,-12
67.79831,1986,2001,-15
67.89886,1985,2001,-16
68.00015,1985,2001,-16
68.10262,1988,2001,-13
68.20628,1993,2000,-7
68.3116,1998,2000,-2
68.41242,2004,1999,5
68.51377,2009,1999,10
68.61727,2013,1998,15
68.72213,2014,1998,16
68.82263,2014,1998,16
68.92325,2011,1998,13
69.02407,2007,1999,8
69.12499,2002,1999,3
69.22615,1996,2000,-4
69.32725,1991,2000,-9
69.43455,1987,2001,-14
69.5354,1985,2001,-16
69.63573,1985,2001,-16
69.73647,1987,2001,-14
69.83712,1991,2000,-9
69.93836,1996,2000,-4
70.04505,2002,1999,3
70.1461,2007,1999,8
70.24642,2012,1998,14
70.34703,2014,1998,16
70.44821,2014,1998,16
70.55377,2013,1998,15
70.65453,2009,1999,10
70.75515,2004,1999,5
70.85567,1998,2000,-2
70.95637,1993,2000,-7
71.0572,1988,2001,-13
71.15794,1985,2001,-16
71.25882,1985,2001,-16
71.36049,1986,2001,-15
71.46405,1989,2001,-12
71.5647,1994,2000,-6
71.6656,1999,2000,-1
71.76622,2005,1999,6
71.86705,2010,1998,12
71.96841,2013,1998,15
72.07143,2014,1998,16
72.17225,2014,1998,16
72.27356,2011,1998,13
72.37848,2006,1999,7
72.47888,2001,1999,2
72.57976,1995,2000,-5
72.68048,1990,2000,-10
72.78137,1986,2001,-15
72.88709,1985,2001,-16
72.98773,1985,2001,-16
73.08902,1988,2001,-13
73.19414,1992,2000,-8
73.29549,1997,2000,-3
73.40006,2003,1999,4
73.50042,2008,1999,9
73.60108,2012,1998,14
73.70195,2014,1998,16
73.80323,2014,1998,16
73.90772,2012,1998,14
74.00839,2008,1999,9
74.10951,2003,1999,4
74.21554,1997,2000,-3
74.31603,1991,2000,-9
74.41679,1987,2001,-14
74.51727,1985,2001,-16
74.6177,1985,2001,-16
74.71833,1986,2001,-15
74.81901,1990,2000,-10
74.9202,1995,2000,-5
75.02613,2001,1999,2
75.12698,2006,1999,7
75.22832,2011,1998,13
75.33086,2014,1998,16
75.4326,2014,1998,16
75.53302,2013,1998,15
75.6335,2010,1998,12
75.73398,2005,1999,6
75.83475,1999,2000,-1
75.93545,1994,2000,-6
76.04181,1989,2001,-12
76.14229,1986,2001,-15
76.24301,1985,2001,-16
76.34384,1985,2001,-16
76.44513,1988,2001,-13
76.55024,1993,2000,-7
76.65074,1999,2000,-1
76.75131,2004,1999,5
76.85199,2009,1999,10
76.95245,2013,1998,15
77.05315,2014,1998,16
77.15398,2014,1998,16
77.25514,2011,1998,13
77.36125,2007,1999,8
77.46153,2002,1999,3
77.5624,1996,2000,-4
77.66943,1991,2000,-9
77.77022,1987,2001,-14
77.8712,1985,2001,-16
77.97236,1985,2001,-16
78.07764,1987,2001,-14
78.17829,1991,2000,-9
78.27946,1996,2000,-4
78.38396,2002,1999,3
78.48467,2008,1999,9
78.58552,2012,1998,14
78.68621,2014,1998,16
78.79183,2014,1998,16
78.89262,2012,1998,14
78.9931,2009,1999,10
79.09928,2003,1999,4
79.19987,1998,2000,-2
79.30092,1992,2000,-8
79.40778,1988,2001,-13
79.5083,1985,2001,-16
79.60865,1985,2001,-16
79.70945,1986,2001,-15
79.80985,1990,2000,-10
79.91048,1995,2000,-5
80.01108,2000,1999,1
80.11156,2006,1999,7
80.21253,2010,1998,12
80.31345,2013,1998,15
80.41453,2014,1998,16
80.51577,2013,1998,15
80.61706,2010,1998,12
80.71814,2006,1999,7
80.8243,2000,1999,1
80.92463,1994,2000,-6
81.02499,1990,2000,-10
81.12603,1986,2001,-15
81.23284,1985,2001,-16
81.3356,1985,2001,-16
81.43635,1988,2001,-13
81.53761,2048,1995,53
81.63844,2010,1998,12
81.73906,1972,2002,-30
81.84013,1935,2006,-71
81.9415,1900,2009,-109
82.04286,1869,2013,-144
82.14759,1842,2015,-173
82.25061,1821,2017,-196
82.35116,1807,2019,-212
82.45151,1800,2019,-219
82.55208,1800,2019,-219
82.65248,1808,2019,-211
82.7531,1822,2017,-195
82.85382,1842,2015,-173
82.95459,1869,2013,-144
83.06059,1901,2009,-108
83.16125,1936,2006,-70
83.26229,1973,2002,-29
83.36722,2012,1998,14
83.46786,2050,1994,56
83.56848,2085,1991,94
83.66899,2118,1988,130
83.77013,2146,1985,161
83.87155,2169,1983,186
83.97507,2187,1981,206
84.07556,2197,1980,217
84.17639,2199,1980,219
84.27779,2195,1980,215
84.3831,2183,1981,202
84.48358,2165,1983,182
84.58429,2141,1985,156
84.68462,2112,1988,124
84.78557,2078,1992,86
84.89219,2040,1995,45
84.99297,2002,1999,3
85.09428,1964,2003,-39
85.19913,1926,2007,-81
85.30148,1892,2010,-118
85.40224,1862,2013,-151
85.50286,1837,2016,-179
85.60396,1818,2018,-200
85.71125,1805,2019,-214
85.81188,1800,2019,-219
85.9129,1802,2019,-217
86.0139,1811,2018,-207
86.11518,1827,2017,-190
86.21579,1849,2015,-166
86.31711,1877,2012,-135
86.42363,1911,2008,-97
86.52402,1946,2005,-59
86.62439,1984,2001,-17
86.72509,2021,1997,24
86.82561,2059,1994,65
86.92642,2094,1990,104
87.02704,2125,1987,138
87.12793,2152,1984,168
87.22925,2174,1982,192
87.33259,2190,1980,210
87.43314,2198,1980,218
87.53374,2199,1980,219
87.6347,2193,1980,213
87.74056,2179,1982,197
87.84088,2160,1983,177
87.94224,2134,1986,148
88.04296,2104,1989,115
88.14401,2069,1993,76
88.2453,2033,1996,37
88.34892,1994,2000,-6
88.44946,1956,2004,-48
88.54986,1920,2007,-87
88.65054,1887,2011,-124
88.7511,1858,2014,-156
88.8516,1834,2016,-182
88.95234,1816,2018,-202
89.05284,1804,2019,-215
89.15379,1800,2019,-219
89.25463,1802,2019,-217
89.35595,1812,2018,-206
89.45631,1829,2017,-188
89.55744,1851,2014,-163
89.65895,1880,2011,-131
89.76588,1914,2008,-94
89.86632,1950,2004,-54
89.96738,1987,2001,-14
90.07331,2027,1997,30
90.17368,2064,1993,71
90.27406,2098,1990,108
90.37524,2129,1987,142
90.47641,2156,1984,172
90.57966,2177,1982,195
90.68018,2191,1980,211
90.78088,2199,1980,219
90.88218,2199,1980,219
90.98357,2192,1980,212
91.09067,2176,1982,194
91.191,2156,1984,172
91.29157,2129,1987,142
91.39228,2098,1990,108
91.49304,2064,1993,71
91.59383,2027,1997,30
91.69512,1989,2001,-12
91.80196,1949,2005,-56
91.9026,1913,2008,-95
92.00329,1881,2011,-130
92.10438,1853,2014,-161
92.21037,1829,2017,-188
92.31098,1812,2018,-206
92.41205,1802,2019,-217
92.5189,1800,2019,-219
92.61968,1805,2019,-214
92.72047,1817,2018,-201
92.82155,1835,2016,-181
92.92793,1861,2013,-152
93.0285,1891,2010,-119
93.12975,1925,2007,-82
93.23357,1962,2003,-41
93.33429,2000,1999,1
93.43491,2038,1996,42
93.53958,2075,1992,83
93.6409,2109,1989,120
93.74225,2139,1986,153
93.84748,2164,1983,181
93.94822,2183,1981,202
94.04865,2195,1980,215
94.14926,2199,1980,219
94.25001,2197,1980,217
94.35139,2187,1981,206
94.45526,2171,1982,189
94.5556,2148,1985,163
94.65726,2120,1987,133
94.75774,2088,1991,97
94.85805,2052,1994,58
94.95859,2015,1998,17
95.05947,1977,2002,-25
95.16511,1938,2006,-68
95.26547,1904,2009,-105
95.3658,1872,2012,-140
95.46678,1845,2015,-170
95.57318,1823,2017,-194
95.67359,1808,2019,-211
95.77413,1801,2019,-218
95.8772,1800,2019,-219
95.97798,1807,2019,-212
96.07912,1821,2017,-196
96.18048,1841,2015,-174
96.2851,1868,2013,-145
96.38582,1899,2010,-111
96.48652,1933,2006,-73
96.58746,1970,2002,-32
96.68845,2008,1999,9
96.78983,2046,1995,51
96.89378,2083,1991,92
96.99408,2115,1988,127
97.09496,2144,1985,159
97.20223,2169,1983,186
97.30293,2186,1981,205
97.40369,2196,1980,216
97.50479,2199,1980,219
97.60602,2196,1980,216
97.70653,2185,1981,204
97.81406,2165,1983,182
97.91704,2141,1985,156
98.01767,2112,1988,124
98.1186,2078,1992,86
98.21988,2042,1995,47
98.32179,2004,1999,5
98.42354,1966,2003,-37
98.52416,1929,2007,-78
98.62482,1895,2010,-115
98.72539,1865,2013,-148
98.82599,1839,2016,-177
98.92675,1820,2017,-197
99.02739,1806,2019,-213
99.12845,1800,2019,-219
99.23507,1801,2019,-218
99.33573,1810,2018,-208
99.43663,1825,2017,-192
99.5373,1846,2015,-169
99.63841,1873,2012,-139
99.7395,1905,2009,-104
99.84635,1942,2005,-63
99.9504,1981,2001,-20
100.05098,2019,1998,21
100.15138,2056,1994,62
100.25211,2091,1990,101
100.35849,2125,1987,138
100.4593,2152,1984,168
100.55966,2173,1982,191
100.66537,2190,1980,210
100.76579,2198,1980,218
100.86613,2199,1980,219
100.96678,2193,1980,213
101.06772,2180,1981,199
101.16849,2161,1983,178
101.26918,2136,1986,150
101.37004,2106,1989,117
101.47105,2072,1992,80
101.57235,2035,1996,39
101.67745,1995,2000,-5
101.77812,1958,2004,-46
101.87961,2000,2000,0
101.98048,2000,2000,0
102.08181,2000,2000,0
102.18304,2000,2000,0
102.28851,2000,2000,0
102.39101,2000,2000,0
102.49143,2000,2000,0
102.59223,2000,2000,0
102.69302,2000,2000,0
102.80034,2000,2000,0
102.901,2000,2000,0
103.00158,2000,2000,0
103.10219,2000,2000,0
103.20311,2000,2000,0
103.30444,2000,2000,0
103.40766,2000,2000,0
103.50831,2000,2000,0
103.60938,2000,2000,0
103.7107,2000,2000,0
103.81871,2000,2000,0
103.91932,2000,2000,0
104.02,2000,2000,0
104.12135,2000,2000,0
104.22542,2000,2000,0
104.32627,2000,2000,0
104.42755,2000,2000,0
104.53236,2000,2000,0
104.63273,2000,2000,0
104.73302,2000,2000,0
104.8337,2000,2000,0
104.93425,2000,2000,0
105.03875,2000,2000,0
105.13941,2000,2000,0
105.2403,2000,2000,0
105.34381,2000,2000,0
105.44443,2000,2000,0
105.54546,2000,2000,0
105.64658,2000,2000,0
105.74788,2000,2000,0
105.84917,2000,2000,0
105.95414,2000,2000,0
106.05737,2000,2000,0
106.158,2000,2000,0
106.25845,2000,2000,0
106.35899,2000,2000,0
106.45946,2000,2000,0
106.56078,2000,2000,0
106.66595,2000,2000,0
106.76663,2000,2000,0
106.86719,2000,2000,0
106.96769,2000,2000,0
107.06845,2000,2000,0
107.16906,2000,2000,0
107.26992,2000,2000,0
107.3708,2000,2000,0
107.47218,2000,2000,0
107.5764,2000,2000,0
107.67703,2000,2000,0
107.77769,2000,2000,0
107.8784,2000,2000,0
107.97953,2000,2000,0
108.08575,2000,2000,0
108.18642,2000,2000,0
108.28762,2000,2000,0
108.39307,2000,2000,0
108.49373,2000,2000,0
108.59447,2000,2000,0
108.69523,2000,2000,0
108.79614,2000,2000,0
108.89747,2000,2000,0
109.0019,2000,2000,0
109.10256,2000,2000,0
109.20322,2000,2000,0
109.30443,2000,2000,0
109.40951,2000,2000,0
109.50987,2000,2000,0
109.61063,2000,2000,0
109.71135,2000,2000,0
109.812,2000,2000,0
109.91283,2000,2000,0
110.01383,2000,2000,0
110.11485,2000,2000,0
110.21576,2000,2000,0
110.31824,2000,2000,0
110.41865,2000,2000,0
110.51928,2000,2000,0
110.62031,2000,2000,0
110.72735,2000,2000,0
110.8282,2000,2000,0
110.92901,2000,2000,0
111.03014,2000,2000,0
111.13118,2000,2000,0
111.23257,2000,2000,0
111.33466,2000,2000,0
111.43523,2000,2000,0
111.53586,2000,2000,0
111.63671,2000,2000,0
111.73751,2000,2000,0
111.83847,2000,2000,0
111.93958,2000,2000,0
112.04114,2000,2000,0
112.14635,2000,2000,0
112.24669,2000,2000,0
112.34743,2000,2000,0
112.44871,2000,2000,0
112.55007,2000,2000,0
112.6532,2000,2000,0
112.75408,2000,2000,0
112.85546,2000,2000,0
112.95796,2000,2000,0
113.0584,2000,2000,0
113.15909,2000,2000,0
113.25947,2000,2000,0
113.36071,2000,2000,0
113.46579,2000,2000,0
113.56637,2000,2000,0
113.66692,2000,2000,0
113.76759,2000,2000,0
113.86842,2000,2000,0
113.96969,2000,2000,0
114.0743,2000,2000,0
114.17492,2000,2000,0
114.27567,2000,2000,0
114.37628,2000,2000,0
114.47705,2000,2000,0
114.57767,2000,2000,0
114.67869,2000,2000,0
114.78575,2000,2000,0
114.88616,2000,2000,0
114.98681,2000,2000,0
115.08789,2000,2000,0
115.19214,2000,2000,0
115.29282,2000,2000,0
115.39412,2000,2000,0
115.50032,2000,2000,0
115.60097,2000,2000,0
115.70145,2000,2000,0
115.80212,2000,2000,0
115.90244,2000,2000,0
116.00317,2000,2000,0
116.10385,2000,2000,0
116.20495,2000,2000,0
116.30958,2000,2000,0
116.41054,2000,2000,0
116.51574,2000,2000,0
116.61636,2000,2000,0
116.71682,2000,2000,0
116.8174,2000,2000,0
116.91793,2000,2000,0
117.01875,2000,2000,0
117.12609,2000,2000,0
117.22695,2000,2000,0
117.32824,2000,2000,0
117.43352,2000,2000,0
117.534,2000,2000,0
117.63451,2000,2000,0
117.73479,2000,2000,0
117.84087,2000,2000,0
117.94141,2000,2000,0
118.04258,2000,2000,0
118.14748,2000,2000,0
118.24897,2000,2000,0
118.34956,2000,2000,0
118.45036,2000,2000,0
118.55125,2000,2000,0
118.65768,2000,2000,0
118.75798,2000,2000,0
118.85835,2000,2000,0
118.95919,2000,2000,0
119.06058,2000,2000,0
119.16454,2000,2000,0
119.26581,2000,2000,0
119.36691,2000,2000,0
119.47211,2000,2000,0
119.57514,2000,2000,0
119.67583,2000,2000,0
119.77628,2000,2000,0
119.88012,2000,2000,0
119.98135,2000,2000,0
120.08248,2000,2000,0
120.18345,2000,2000,0
120.29013,2000,2000,0
120.39112,2000,2000,0
120.49818,2000,2000,0
120.59847,2000,2000,0
120.69875,2000,2000,0
120.7991,2000,2000,0
120.89956,2000,2000,0
121.00014,2000,2000,0
121.10064,2000,2000,0
121.20109,2000,2000,0
121.30209,2000,2000,0
121.40253,2000,2000,0
121.50325,2000,2000,0
121.60437,2000,2000,0
121.71101,2000,2000,0
121.81175,2000,2000,0
121.91291,2000,2000,0
122.01792,2000,2000,0
122.11858,2000,2000,0
122.21986,1827,2017,-190
122.32591,1810,2018,-208
122.42657,1801,2019,-218
122.52707,1800,2019,-219
122.62751,1805,2019,-214
122.72861,1818,2018,-200
122.83268,1838,2016,-178
122.93343,1863,2013,-150
123.03454,1893,2010,-117
123.13948,1928,2007,-79
123.24189,1965,2003,-38
123.34286,2003,1999,4
123.44919,2043,1995,48
123.54964,2079,1992,87
123.65027,2112,1988,124
123.75098,2141,1985,156
123.85156,2165,1983,182
123.95252,2183,1981,202
124.05753,2195,1980,215
124.15783,2199,1980,219
124.25842,2197,1980,217
124.35889,2187,1981,206
124.45939,2170,1982,188
124.56011,2147,1985,162
124.66072,2119,1988,131
124.76172,2086,1991,95
124.86717,2049,1995,54
124.96778,2012,1998,14
125.06879,1974,2002,-28
125.17336,1935,2006,-71
125.27443,1901,2009,-108
125.3747,1870,2012,-142
125.47501,1843,2015,-172
125.57585,1823,2017,-194
125.67624,1808,2019,-211
125.78319,1800,2019,-219
125.88401,1800,2019,-219
125.98453,1808,2019,-211
126.09022,1822,2017,-195
126.19103,1843,2015,-172
126.29235,1870,2012,-142
126.39961,1903,2009,-106
126.50011,1938,2006,-68
126.60052,1975,2002,-27
126.70765,2015,1998,17
126.80796,2052,1994,58
126.90853,2088,1991,97
127.00903,2120,1987,133
127.10944,2148,1985,163
127.21003,2170,1982,188
127.31091,2187,1981,206
127.41186,2197,1980,217
127.51268,2199,1980,219
127.61402,2195,1980,215
127.71535,2183,1981,202
127.81938,2164,1983,181
127.92,2140,1985,155
128.02113,2111,1988,123
128.12532,2076,1992,84
128.23143,2038,1996,42
128.33178,2000,1999,1
128.43205,1962,2003,-41
128.53254,1926,2007,-81
128.63299,1892,2010,-118
128.73433,1862,2013,-151
128.84029,1836,2016,-180
128.94057,1817,2018,-201
129.04204,1805,2019,-214
129.14286,1800,2019,-219
129.24327,1802,2019,-217
129.34811,1811,2018,-207
129.4484,1827,2017,-190
129.54891,1849,2015,-166
129.64977,1877,2012,-135
129.75099,1909,2009,-100
129.85505,1946,2005,-59
129.95557,1983,2001,-18
130.05618,2021,1997,24
130.15666,2058,1994,64
130.26198,2094,1990,104
130.36491,2126,1987,139
130.4658,2153,1984,169
130.56637,2175,1982,193
130.66702,2190,1980,210
130.76815,2198,1980,218
130.86844,2199,1980,219
130.97538,2192,1980,212
131.08218,2178,1982,196
131.18252,2158,1984,174
131.28439,2131,1986,145
131.38464,2101,1989,112
131.48493,2067,1993,74
131.58536,2030,1996,34
131.68601,1992,2000,-8
131.78676,1955,2004,-49
131.88772,1919,2008,-89
131.98844,1885,2011,-126
132.08887,1857,2014,-157
132.18994,1833,2016,-183
132.291,1815,2018,-203
132.39885,1803,2019,-216
132.49994,1800,2019,-219
132.60113,1803,2019,-216
132.70253,1814,2018,-204
132.80974,1833,2016,-183
132.9102,1856,2014,-158
133.0105,1885,2011,-126
133.11085,1918,2008,-90
133.21117,1954,2004,-50
133.31323,1992,2000,-8
133.41452,2030,1996,34
133.51551,2067,1993,74
133.61582,2101,1989,112
133.71876,2132,1986,146
133.82292,2159,1984,175
133.92444,2179,1982,197
134.02467,2192,1980,212
134.12585,2199,1980,219
134.22779,2198,1980,218
134.32827,2190,1980,210
134.42865,2176,1982,194
134.52941,2155,1984,171
134.63053,2128,1987,141
134.73184,2096,1990,106
134.83611,2060,1993,67
134.93688,2023,1997,26
135.03822,1985,2001,-16
135.14297,1946,2005,-59
135.24339,1911,2008,-97
135.34407,1879,2012,-133
135.44543,1851,2014,-163
135.54983,1827,2017,-190
135.65025,1811,2018,-207
135.75092,1802,2019,-217
135.85128,1800,2019,-219
135.95194,1804,2019,-215
136.05268,1816,2018,-202
136.153,1835,2016,-181
136.25803,1860,2013,-153
136.35848,1890,2010,-120
136.45933,1923,2007,-84
136.55985,1960,2003,-43
136.66074,1997,2000,-3
136.76176,2035,1996,39
136.86276,2072,1992,80
136.96371,2106,1989,117
137.06467,2136,1986,150
137.16527,2161,1983,178
137.26597,2180,1981,199
0.0,2000,1999,1
1.73406,1974,2002,-28
1.83508,1937,2006,-69
1.93586,1902,2009,-107
2.03638,1871,2012,-141
2.13777,1844,2015,-171
2.24289,1823,2017,-194
2.34847,1808,2019,-211
2.44912,1800,2019,-219
2.54941,1800,2019,-219
2.64969,1807,2019,-212
2.75245,1822,2017,-195
2.85351,1842,2015,-173
2.95379,1868,2013,-145
3.05412,1899,2010,-111
3.15443,1933,2006,-73
3.25578,1970,2002,-32
3.36,2010,1998,12
3.46265,2048,1995,53
3.56557,2084,1991,93
3.66897,2118,1988,130
3.77204,2147,1985,162
3.87592,2170,1982,188
3.97883,2187,1981,206
4.08046,2197,1980,217
4.18455,2199,1980,219
4.28929,2194,1980,214
4.3935,2181,1981,200
4.49594,2162,1983,179
4.60052,2136,1986,150
4.70195,2106,1989,117
4.80494,2071,1992,79
4.90919,2034,1996,38
5.00946,1996,2000,-4
5.10984,1958,2004,-46
5.21009,1922,2007,-85
5.31032,1889,2011,-122
5.41508,1859,2014,-155
5.51887,1834,2016,-182
5.62534,1815,2018,-203
5.7263,1804,2019,-215
5.82658,1800,2019,-219
5.92735,1803,2019,-216
6.02851,1813,2018,-205
6.12882,1830,2016,-186
6.22909,1853,2014,-161
6.33102,1881,2011,-130
6.43202,1914,2008,-94
6.5324,1949,2005,-56
6.6371,1988,2001,-13
6.74019,2027,1997,30
6.84634,2066,1993,73
6.95028,2101,1989,112
7.05545,2133,1986,147
7.15652,2159,1984,175
7.26016,2179,1982,197
7.36304,2193,1980,213
7.46515,2199,1980,219
7.56678,2198,1980,218
7.66734,2190,1980,210
7.76957,2174,1982,192
7.87233,2152,1984,168
7.97385,2125,1987,138
8.07413,2093,1990,103
8.17937,2057,1994,63
8.28169,2019,1998,21
8.38603,1980,2001,-21
8.49115,1941,2005,-64
8.59186,1906,2009,-103
8.69769,1873,2012,-139
8.80319,1845,2015,-170
8.90444,1823,2017,-194
9.01028,1808,2019,-211
9.11391,1800,2019,-219
9.21418,1800,2019,-219
9.31632,1807,2019,-212
9.4203,1822,2017,-195
9.52195,1843,2015,-172
9.62441,1869,2013,-144
9.72925,1902,2009,-107
9.83096,1937,2006,-69
9.93516,1975,2002,-27
10.04094,2015,1998,17
10.14541,2054,1994,60
10.2498,2090,1990,100
10.35365,2123,1987,136
10.45819,2152,1984,168
10.56252,2174,1982,192
10.66326,2189,1981,208
10.76824,2198,1980,218
10.87224,2199,1980,219
10.97388,2193,1980,213
11.07648,2179,1982,197
11.18211,2158,1984,174
11.28372,2132,1986,146
11.38811,2100,1989,111
11.49229,2064,1993,71
11.59888,2025,1997,28
11.69973,1987,2001,-14
11.8002,1950,2004,-54
11.90075,1914,2008,-94
12.0028,1881,2011,-130
12.10846,1852,2014,-162
12.21213,1828,2017,-189
12.31311,1812,2018,-206
12.41346,1802,2019,-217
12.51374,1800,2019,-219
12.62048,1805,2019,-214
12.72089,1817,2018,-201
12.82116,1835,2016,-181
12.927,1861,2013,-152
13.03229,1892,2010,-118
13.13626,1927,2007,-80
13.24289,1966,2003,-37
13.34385,2003,1999,4
13.44418,2041,1995,46
13.5446,2077,1992,85
13.64494,2110,1988,122
13.7497,2141,1985,156
13.85077,2165,1983,182
13.95134,2183,1981,202
14.05251,2195,1980,215
14.15345,2199,1980,219
14.25373,2197,1980,217
14.35467,2187,1981,206
14.45547,2171,1982,189
14.56123,2147,1985,162
14.68791,2110,1988,122
14.78942,2077,1992,85
14.89507,2039,1996,43
14.99843,2000,1999,1
15.1008,1962,2003,-41
15.20343,1925,2007,-82
15.30582,1890,2010,-120
15.40615,1861,2013,-152
15.50918,1836,2016,-180
15.6095,1817,2018,-201
15.71023,1805,2019,-214
15.81048,1800,2019,-219
15.91073,1802,2019,-217
16.01127,1811,2018,-207
16.11154,1826,2017,-191
16.21384,1849,2015,-166
16.31541,1877,2012,-135
16.41567,1908,2009,-101
16.51593,1943,2005,-62
16.61618,1980,2001,-21
16.71644,2018,1998,20
1e-05,2000,1999,1
1.56057,2039,1996,43
1.66155,2001,1999,2
1.76242,1964,2003,-39
1.86313,1927,2007,-80
1.96363,1893,2010,-117
2.06392,1863,2013,-150
2.16902,1837,2016,-179
2.27239,1818,2018,-200
2.37864,1805,2019,-214
2.47975,1800,2019,-219
2.58061,1802,2019,-217
2.68101,1811,2018,-207
2.78129,1827,2017,-190
2.88153,1849,2015,-166
2.98392,1877,2012,-135
3.08596,1910,2008,-98
3.1887,1946,2005,-59
3.2914,1984,2001,-17
3.39426,2022,1997,25
3.49787,2061,1993,68
3.60248,2097,1990,107
3.70278,2128,1987,141
3.80306,2154,1984,170
3.90396,2175,1982,193
4.00425,2190,1980,210
4.111,2198,1980,218
4.21198,2199,1980,219
4.31298,2192,1980,212
4.4133,2178,1982,196
4.51902,2157,1984,173
4.62032,2131,1986,145
4.72135,2100,1989,111
4.82161,2065,1993,72
4.92254,2029,1997,32
5.02295,1991,2000,-9
5.12332,1953,2004,-51
5.22361,1918,2008,-90
5.3297,1883,2011,-128
5.51892,1834,2016,-182
5.62307,1815,2018,-203
5.72582,1804,2019,-215
5.82612,1800,2019,-219
5.92636,1803,2019,-216
6.02682,1813,2018,-205
6.1274,1829,2017,-188
6.22809,1852,2014,-162
6.32916,1881,2011,-130
6.43592,1915,2008,-93
6.53708,1951,2004,-53
6.63738,1988,2001,-13
6.73768,2026,1997,29
6.83794,2063,1993,70
6.93848,2098,1990,108
7.03921,2129,1987,142
7.14408,2156,1984,172
7.24444,2177,1982,195
